"The Journey.",""
"Holystone",""
"Orange Juice",""
"Brettl Cane",""
"Cloudtwine",""
"Holystone",""
"Incubator",""
"Enchanted Blackberry",""
"Phoenix Helmet",""
"Recording #892",""
"Arkenium Helmet",""
"Skyroot Wood",""
"Zanite Gemstone",""
"16x Zanite Bolt",""
"16x Gravitite Bolt",""
"Enchanted Blueberry",""
"Arkenium Shield",""
"Taegore",""
"Skyroot Bucket",""
"Skyroot Crafting Table",""
"Golden Cloud Parachute",""
"Altar",""
"Neptune Helmet",""
"Masonry Bench",""
"16x Arkenium Bolt",""
"Green Swet Jelly",""
"Purple Cloud Parachute",""
"Skyroot Planks",""
"Strawberry Juice",""
"Gravitite Plate",""
"Skyroot Sword",""
"Blueberry Juice",""
"Freezer",""
"Hammer of Notch",""
"Green Swet Gel",""
"Golden Parachute",""
"Gravitite Helmet",""
"Finding the portal",""
"Blackberry Juice",""
"Arkenium Plate",""
"Zanite Shield",""
"Valkyrie Queen",""
"Enchanter",""
"Kirrid",""
"Skyroot Crossbow",""
"Cold Aercloud",""
"Sentry",""
"Gravitite Ore",""
"Skyroot Bucket",""
"Cold Aercloud",""
"Skyroot Water Bucket",""
"Gravitite Shield",""
"Valkyrie Music Disc",""
"Gravitite Helmet",""
"Skyroot Bed",""
"Gravitite Sword",""
"Skyroot Axe",""
"Zanite Sword",""
"Aerbunny",""
"Sentry Boots",""
"Gravitite Crossbow",""
"Rice Cake",""
"Silent Flight",""
"Green Aercloud",""
"16x Holystone Bolt",""
"Burrukai",""
"Zanite Axe",""
"Skyroot Log",""
"Skyroot Shield",""
"Labyrinth Music Disc",""
"Taegore Hide Hood",""
"Flour",""
"Lightning Sword",""
"Sun Altar",""
"Golden Aercloud",""
"Golden Amber",""
"Taegore Hide",""
"Blue Aercloud",""
"Wyndberry",""
"Jukebox",""
"Black Moa Egg",""
"Aether II - Highlands",""
"Holystone Axe",""
"Forgotten Shrine",""
"Icestone Cooler",""
"Ambrosium Torch",""
"Skyroot Chest",""
"Blue Moa Egg",""
"Aechor Plant",""
"Valkyrie",""
"Aerwhale Music Disc",""
"Zanite Gemstone",""
"Green Cloud Parachute",""
"Arkenium Crossbow",""
"Lightning Knife",""
"16x Skyroot Bolt",""
"Life Shard",""
"Zanite Crossbow",""
"Golden Aercloud",""
"Blueberries",""
"Incubator",""
"Holy Sword",""
"White Moa Egg",""
"Sun Spirit",""
"Blackberry",""
"An Early Christmas",""
"Valkyrie Helmet",""
"Burrukai Pelt",""
"Holystone Furnace",""
"Blue Swet Gel",""
"Enchanted Wyndberry",""
"Orange Moa Egg",""
"Enchanted Gravitite",""
"Moa Music Disc",""
"Ambrosium Shard",""
"Swet Sugar",""
"Aether I - The Origins",""
"Purple Swet Jelly",""
"Flaming Sword",""
"Brettl Grass",""
"Agility Cape",""
"Blue Swet Jelly",""
"Golden Amber",""
"Cold Parachute",""
"Zanite Helmet",""
"Aechor Petal",""
"8x Arkenium Strip",""
"Blue Cloud Parachute",""
"Gravitite Axe",""
"Holystone Shield",""
"Cake",""
"Valkyrie Pickaxe",""
"Holystone Crossbow",""
"Obsidian Helmet",""
"Arkenium Shears",""
"Zanite Gemstone",""
"Icestone",""
"Paraglider",""
"Cold Cloud Parachute",""
"Location",""
"Purple Swet Gel",""
"Labyrinth's Vengeance",""
"Valkyrie Wings",""
"Invisibility Cloak",""
"Purple Aercloud",""
"Icestone",""
"Holystone Sword",""
"Cloudwool",""
"Slider",""
"Orange",""
"Arkenium Axe",""
"Zanite Helmet",""
"Arkenium Plate",""
